archetype,decktype,player,quantity,scryfallId,tournament
Combo,Reanimator,Andrin,1,a9225cc3-90f0-448f-a8d9-7c6c2796d077,2026-02-28T23:00:00Z
Combo,Reanimator,Andrin,1,1be9d9a4-d7ee-4854-abc2-85cabf993ec9,2026-02-28T23:00:00Z
Combo,Reanimator,Andrin,1,18a3cca1-e50e-49b6-9e1a-f86640e3b177,2026-02-28T23:00:00Z
Combo,Reanimator,Andrin,1,04fc99dc-bfbe-4567-b791-6b1db96471ec,2026-02-28T23:00:00Z
Combo,Reanimator,Andrin,1,310a1c46-8331-4a09-9fcb-d942f8102364,2026-02-28T23:00:00Z
Combo,Reanimator,Andrin,1,22c26e44-e129-4c4d-b552-3cc8774ce1a4,2026-02-28T23:00:00Z
Combo,Reanimator,Andrin,1,7832abb5-5107-4603-904e-491b221bd3e3,2026-02-28T23:00:00Z
Combo,Reanimator,Andrin,1,4c732dc7-dd6b-4cc1-bbe0-ff3b1d2c7419,2026-02-28T23:00:00Z
Combo,Reanimator,Andrin,1,62b3f560-262b-4bc3-9aef-535fd7082c28,2026-02-28T23:00:00Z
Combo,Reanimator,Andrin,1,311a6257-dd77-4bb6-81cb-c8e7862350f3,2026-02-28T23:00:00Z
Combo,Reanimator,Andrin,1,06c0c35d-a26e-473a-9206-8fbda7191700,2026-02-28T23:00:00Z
Combo,Reanimator,Andrin,1,7740ff55-67bb-409e-90f7-2c2c8b8c770a,2026-02-28T23:00:00Z
Combo,Reanimator,Andrin,1,c8f0b123-fdb0-4f3e-ba78-fa155c227e20,2026-02-28T23:00:00Z
Combo,Reanimator,Andrin,1,e7c53ba4-9956-4cd6-85ca-2d6b61a5127c,2026-02-28T23:00:00Z
Combo,Reanimator,Andrin,1,c8090bcf-e17a-4110-a518-77ccd045b18f,2026-02-28T23:00:00Z
Combo,Reanimator,Andrin,1,e6befbc4-1320-4f26-bd9f-b1814fedda10,2026-02-28T23:00:00Z
Combo,Reanimator,Andrin,1,2ba70366-b6ae-423a-a8d8-29d2b8afd939,2026-02-28T23:00:00Z
Combo,Reanimator,Andrin,1,32aa6e33-221f-414c-9b51-850d97a7e051,2026-02-28T23:00:00Z
Combo,Reanimator,Andrin,1,bd8fa327-dd41-4737-8f19-2cf5eb1f7cdd,2026-02-28T23:00:00Z
Combo,Reanimator,Andrin,1,df9d9075-2d1e-4848-b661-816d539e05eb,2026-02-28T23:00:00Z
Combo,Reanimator,Andrin,1,2b73d294-6ab1-4051-9b0f-d8e335d37674,2026-02-28T23:00:00Z
Combo,Reanimator,Andrin,1,2e139ad1-1079-49e9-babd-6399c44ad333,2026-02-28T23:00:00Z
Combo,Reanimator,Andrin,1,6efb6a69-562c-4d95-858d-b067444cfd7e,2026-02-28T23:00:00Z
Combo,Reanimator,Andrin,1,671c008a-8ff8-42d7-9e03-6d8a9ddace67,2026-02-28T23:00:00Z
Combo,Reanimator,Andrin,1,9d48aaff-46ab-411b-9456-171d4709f951,2026-02-28T23:00:00Z
Combo,Reanimator,Andrin,1,16448d95-ee21-4def-b880-26f6f159c213,2026-02-28T23:00:00Z
Control,Grixis Control,Beni,1,eeeffc0b-dc92-458e-ad58-86ff6077a508,2026-02-28T23:00:00Z
Control,Grixis Control,Beni,1,4a08ca06-58db-4ce6-b490-be4bea8956a1,2026-02-28T23:00:00Z
Control,Grixis Control,Beni,1,006d2bf1-20f7-4b09-8d98-8233d91682bd,2026-02-28T23:00:00Z
Control,Grixis Control,Beni,1,ea1feac0-d3a7-45eb-9719-1cdaf51ea0b6,2026-02-28T23:00:00Z
Control,Grixis Control,Beni,1,e2312c49-1627-47ad-8113-78a999a97d8d,2026-02-28T23:00:00Z
Control,Grixis Control,Beni,1,504a69eb-3c2d-4bb1-b117-252b15acf0c2,2026-02-28T23:00:00Z
Control,Grixis Control,Beni,1,fc7d1912-7e27-49ef-bd98-375d975a42b0,2026-02-28T23:00:00Z
Control,Grixis Control,Beni,1,b841bfa8-7c17-4df2-8466-780ab9a4a53a,2026-02-28T23:00:00Z
Control,Grixis Control,Beni,1,672b9b16-daef-44e6-9a3a-cfd9f3c78bc7,2026-02-28T23:00:00Z
Control,Grixis Control,Beni,1,cc520518-2063-4b57-a0d4-10cf62a7175e,2026-02-28T23:00:00Z
Control,Grixis Control,Beni,1,7c024bae-5631-4e20-ac69-df392ac9e109,2026-02-28T23:00:00Z
Control,Grixis Control,Beni,1,377cee38-e769-47b0-abd5-0f528600f36a,2026-02-28T23:00:00Z
Control,Grixis Control,Beni,1,19477aca-b8db-4061-9a78-ebb189a9df22,2026-02-28T23:00:00Z
Control,Grixis Control,Beni,1,b277752b-430a-4f09-8a98-b72f813dd52e,2026-02-28T23:00:00Z
Control,Grixis Control,Beni,1,26c68473-70ca-40ba-b5c6-71ec30f88a2c,2026-02-28T23:00:00Z
Control,Grixis Control,Beni,1,d13a898e-6a97-4fd9-980e-3bfd8d755386,2026-02-28T23:00:00Z
Control,Grixis Control,Beni,1,49bb0ad3-1082-41f1-82a4-52a4006cc9b6,2026-02-28T23:00:00Z
Control,Grixis Control,Beni,1,18bd50f2-c3ba-4217-a2d5-bb771e199706,2026-02-28T23:00:00Z
Control,Grixis Control,Beni,1,3ee3945e-5089-4751-b7b3-5961c39d2a33,2026-02-28T23:00:00Z
Control,Grixis Control,Beni,1,2398892d-28e9-4009-81ec-0d544af79d2b,2026-02-28T23:00:00Z
Control,Grixis Control,Beni,1,175b3d28-5c74-4972-9b5c-5e39762c78f4,2026-02-28T23:00:00Z
Control,Grixis Control,Beni,1,a87606cc-fbf0-4e2c-9798-f1c935d0573d,2026-02-28T23:00:00Z
Control,Grixis Control,Beni,1,3f3c77ad-fce8-4506-90e1-7ef71552a71c,2026-02-28T23:00:00Z
Control,Grixis Control,Beni,1,1c0f2873-5849-4cab-855a-2fbbc41dbb6c,2026-02-28T23:00:00Z
Control,Grixis Control,Beni,1,247939d9-87e9-4f01-b223-fb4cfa7dbbe1,2026-02-28T23:00:00Z
Control,Grixis Control,Beni,1,1834ac92-8b4e-4442-a834-acd580e1ef99,2026-02-28T23:00:00Z
Control,Grixis Control,Beni,1,fd52688a-39fd-430f-b950-cb56e0004396,2026-02-28T23:00:00Z
Control,Grixis Control,Beni,1,02c532e8-21f1-4d6f-a931-1ea48a6aeea2,2026-02-28T23:00:00Z
Control,Grixis Control,Beni,1,5ad67b3c-cd5a-497b-8639-9b844e8d517a,2026-02-28T23:00:00Z
Control,Grixis Control,Beni,1,b598c93e-dae1-4d71-a9e4-917abf76d2d0,2026-02-28T23:00:00Z
Control,Grixis Control,Beni,1,3462a3d0-5552-49fa-9eb7-100960c55891,2026-02-28T23:00:00Z
Control,Grixis Control,Beni,1,e9be371c-c688-44ad-ab71-bd4c9f242d58,2026-02-28T23:00:00Z
Control,Grixis Control,Beni,1,0cb33b46-4d1b-4f97-bfdc-d815aee111da,2026-02-28T23:00:00Z
Control,Grixis Control,Beni,1,24c0d87b-0049-4beb-b9cb-6f813b7aa7dc,2026-02-28T23:00:00Z
Control,Birthing Pod,Dimlas,1,b5aaaee0-9a61-45df-821e-cce516f8de6a,2026-02-28T23:00:00Z
Control,Birthing Pod,Dimlas,1,fa87bf1e-2062-4983-b1c4-98bffea69a4c,2026-02-28T23:00:00Z
Control,Birthing Pod,Dimlas,1,cea3b218-0e6e-443a-84f7-380f1021e8e1,2026-02-28T23:00:00Z
Control,Birthing Pod,Dimlas,1,9721f8da-39ed-4ada-a571-61e08a86032b,2026-02-28T23:00:00Z
Control,Birthing Pod,Dimlas,1,3b5233ff-03bc-4053-9b49-c4185c2de38d,2026-02-28T23:00:00Z
Control,Birthing Pod,Dimlas,1,47a6234f-309f-4e03-9263-66da48b57153,2026-02-28T23:00:00Z
Control,Birthing Pod,Dimlas,1,69af2825-18c2-4463-b6ba-42eaa070ccc1,2026-02-28T23:00:00Z
Control,Birthing Pod,Dimlas,1,4820d223-4ea1-4850-931c-3d2ab5eb003b,2026-02-28T23:00:00Z
Control,Birthing Pod,Dimlas,1,265522eb-4f6a-40e7-b374-3833fa63c80b,2026-02-28T23:00:00Z
Control,Birthing Pod,Dimlas,1,7c884e1e-fecb-4330-b3de-5fc2a60f7173,2026-02-28T23:00:00Z
Control,Birthing Pod,Dimlas,1,59faa45d-868b-4bc7-934c-0e077642e129,2026-02-28T23:00:00Z
Control,Birthing Pod,Dimlas,1,9b911653-7b96-4cf3-a907-13c5c53a14f7,2026-02-28T23:00:00Z
Control,Birthing Pod,Dimlas,1,06cb1bd6-73e0-4104-b344-4bc52d7dcedf,2026-02-28T23:00:00Z
Control,Birthing Pod,Dimlas,1,400382a4-aea2-4827-b06a-1b0b3745908b,2026-02-28T23:00:00Z
Control,Birthing Pod,Dimlas,1,bb41ff5c-9617-4033-a4fa-99323640b9c3,2026-02-28T23:00:00Z
Control,Birthing Pod,Dimlas,1,079e6263-e54c-4899-a336-5315909b9322,2026-02-28T23:00:00Z
Control,Birthing Pod,Dimlas,1,d5806e68-1054-458e-866d-1f2470f682b2,2026-02-28T23:00:00Z
Control,Birthing Pod,Dimlas,1,5427d8a6-ac9e-4e50-bd39-81713b2ade25,2026-02-28T23:00:00Z
Control,Birthing Pod,Dimlas,1,2bf2da97-3331-4614-b4ff-f03d061500a7,2026-02-28T23:00:00Z
Control,Birthing Pod,Dimlas,1,17db2b6a-eaa8-4a08-9e86-370bbd058574,2026-02-28T23:00:00Z
Control,Birthing Pod,Dimlas,1,261ac92e-c61a-4c11-aa6a-9ae1cb703e5c,2026-02-28T23:00:00Z
Control,Birthing Pod,Dimlas,1,57fb0fa7-0c5c-4a75-9461-c51403c30282,2026-02-28T23:00:00Z
Control,Birthing Pod,Dimlas,1,4e4fb50c-a81f-44d3-93c5-fa9a0b37f617,2026-02-28T23:00:00Z
Control,Birthing Pod,Dimlas,1,80c72839-0fa6-4b5f-83b7-6553ebf09bef,2026-02-28T23:00:00Z
Control,Birthing Pod,Dimlas,1,a249b1f4-2b22-4b67-a207-e0c4ae95d2e1,2026-02-28T23:00:00Z
Control,Birthing Pod,Dimlas,1,b768efa2-e56b-4a7e-ace8-d673f10e0714,2026-02-28T23:00:00Z
Control,Birthing Pod,Dimlas,1,139b90cd-8272-457a-be32-1298145345be,2026-02-28T23:00:00Z
Control,Birthing Pod,Dimlas,1,0a26d900-c652-4f9c-8681-a35c5f8b1937,2026-02-28T23:00:00Z
Control,Birthing Pod,Dimlas,1,1c7d50d6-b63a-4d8c-88fa-1d78ae693a45,2026-02-28T23:00:00Z
Control,Birthing Pod,Dimlas,1,2ae6828e-ff19-45db-8b59-61616353491f,2026-02-28T23:00:00Z
Control,Birthing Pod,Dimlas,1,68c72226-6f52-4322-8b14-18737293dfa0,2026-02-28T23:00:00Z
Control,Birthing Pod,Dimlas,1,e6d7fba8-a157-4d81-9d6b-bd210a96b248,2026-02-28T23:00:00Z
Control,Birthing Pod,Dimlas,1,1066a94a-8e4f-4d77-820b-7a77a18116f0,2026-02-28T23:00:00Z
Aggro-Control (Tempo),Grixis Tempo,Guy,1,14065271-d942-42a8-aa38-d8a622c0375d,2026-02-28T23:00:00Z
Aggro-Control (Tempo),Grixis Tempo,Guy,1,19d6834d-afa3-4747-a62d-0654f4d9729f,2026-02-28T23:00:00Z
Aggro-Control (Tempo),Grixis Tempo,Guy,1,6a058e68-70af-4a64-859c-c881e5578368,2026-02-28T23:00:00Z
Aggro-Control (Tempo),Grixis Tempo,Guy,1,068bb15a-fc2d-42a2-859b-837b946d23c0,2026-02-28T23:00:00Z
Aggro-Control (Tempo),Grixis Tempo,Guy,1,3c02b8ee-84cb-44cb-ba14-9e725a9d03ee,2026-02-28T23:00:00Z
Aggro-Control (Tempo),Grixis Tempo,Guy,1,35f1a6ba-e46f-44fb-93f4-fb883d677b36,2026-02-28T23:00:00Z
Aggro-Control (Tempo),Grixis Tempo,Guy,1,0324641d-af55-4c53-b4dc-c8262e967da5,2026-02-28T23:00:00Z
Aggro-Control (Tempo),Grixis Tempo,Guy,1,31b770cc-09e7-4c0b-b2a4-462ab4f7200d,2026-02-28T23:00:00Z
Aggro-Control (Tempo),Grixis Tempo,Guy,1,f61693a2-7042-44e0-85ba-9bf12ab94e7e,2026-02-28T23:00:00Z
Aggro-Control (Tempo),Grixis Tempo,Guy,1,a3bb2881-e8fb-4fba-a9f9-d93e6ca24378,2026-02-28T23:00:00Z
Aggro-Control (Tempo),Grixis Tempo,Guy,1,4c6cf93a-d073-48ac-88db-c46bf3e10beb,2026-02-28T23:00:00Z
Aggro-Control (Tempo),Grixis Tempo,Guy,1,6989018c-37b1-4282-a4af-9cc97f160b4d,2026-02-28T23:00:00Z
Aggro-Control (Tempo),Grixis Tempo,Guy,1,e20da6b5-1057-4a28-9e85-07de714e262f,2026-02-28T23:00:00Z
Aggro-Control (Tempo),Grixis Tempo,Guy,1,3d8ca18d-9099-4f1e-95c1-f04da58a26bd,2026-02-28T23:00:00Z
Aggro-Control (Tempo),Grixis Tempo,Guy,1,b256ddc8-8b12-434c-a610-1a872e948f2f,2026-02-28T23:00:00Z
Aggro-Control (Tempo),Grixis Tempo,Guy,1,24da9431-7e52-44f5-bc18-2f2d8a4ca81e,2026-02-28T23:00:00Z
Aggro-Control (Tempo),Grixis Tempo,Guy,1,53d4fd57-74b6-42c7-88b1-110e5a8dfc3c,2026-02-28T23:00:00Z
Aggro-Control (Tempo),Grixis Tempo,Guy,1,490eb213-9ae2-4b45-abec-6f1dfc83792a,2026-02-28T23:00:00Z
Aggro-Control (Tempo),Grixis Tempo,Guy,1,32a180dd-9641-4546-8940-9b21084f0c71,2026-02-28T23:00:00Z
Aggro-Control (Tempo),Grixis Tempo,Guy,1,a24e8dba-5c86-4e32-8a52-61402f7fe9f0,2026-02-28T23:00:00Z
Aggro-Control (Tempo),Grixis Tempo,Guy,1,f5fb426a-5618-4dd4-9c51-0cc847be8c1d,2026-02-28T23:00:00Z
Aggro-Control (Tempo),Grixis Tempo,Guy,1,bfa4e927-1d6f-4a64-9801-7d168a5ef3f6,2026-02-28T23:00:00Z
Aggro-Control (Tempo),Grixis Tempo,Guy,1,55a14f30-4ff9-4472-90a6-c3139f1c18e5,2026-02-28T23:00:00Z
Aggro-Control (Tempo),Grixis Tempo,Guy,1,5a077de0-1893-40d0-a499-ee2e6e2258f1,2026-02-28T23:00:00Z
Aggro-Control (Tempo),Grixis Tempo,Guy,1,0c9a7cb0-5bff-48ff-b620-2838816ac9b5,2026-02-28T23:00:00Z
Aggro-Control (Tempo),Grixis Tempo,Guy,1,229a0d4a-3777-451d-a2fb-f1a2fdf8019f,2026-02-28T23:00:00Z
Aggro-Control (Tempo),Grixis Tempo,Guy,1,4cbdacc1-7a1b-4633-85f5-eb50c2bf406d,2026-02-28T23:00:00Z
Aggro-Control (Tempo),Grixis Tempo,Guy,1,a6539e26-b63b-4725-9407-caaf451de084,2026-02-28T23:00:00Z
Aggro-Control (Tempo),Grixis Tempo,Guy,1,5eccf31d-869d-4003-a92b-71b4f4b479ee,2026-02-28T23:00:00Z
Aggro-Control (Tempo),Grixis Tempo,Guy,1,777fcc21-2856-4181-8ecd-c272f9769e36,2026-02-28T23:00:00Z
Aggro-Control (Tempo),Grixis Tempo,Guy,1,01978fe5-00a9-4add-ae2a-b4c2572ffb9a,2026-02-28T23:00:00Z
Aggro-Control (Tempo),Grixis Tempo,Guy,1,900c9dfd-ece1-4b09-a801-0fa05e1994b9,2026-02-28T23:00:00Z
Aggro,Boros Aggro,Joel K.,1,0d16e8e0-31b2-4389-afd6-783c501f6fa0,2026-02-28T23:00:00Z
Aggro,Boros Aggro,Joel K.,1,e58e681e-a069-4414-aafe-634c7987fd0d,2026-02-28T23:00:00Z
Aggro,Boros Aggro,Joel K.,1,3b6e5956-f795-451b-bb24-56462d1ced27,2026-02-28T23:00:00Z
Aggro,Boros Aggro,Joel K.,1,ec3de5f4-bb55-4ab9-995f-f3e0dc22c1bb,2026-02-28T23:00:00Z
Aggro,Boros Aggro,Joel K.,1,fe30c0ff-f74b-456a-a61e-3720d84d713f,2026-02-28T23:00:00Z
Aggro,Boros Aggro,Joel K.,1,0da69523-cece-425a-b08a-fb27fac29374,2026-02-28T23:00:00Z
Aggro,Boros Aggro,Joel K.,1,7d48d622-f397-4f31-b1a5-0c23f60aa71c,2026-02-28T23:00:00Z
Aggro,Boros Aggro,Joel K.,1,18092f68-b96e-4084-9eba-b240d2195d81,2026-02-28T23:00:00Z
Aggro,Boros Aggro,Joel K.,1,1103da9c-300c-406b-997d-9e5bb7cd02d6,2026-02-28T23:00:00Z
Aggro,Boros Aggro,Joel K.,1,a8069994-b103-40dc-9e14-062004914ec8,2026-02-28T23:00:00Z
Aggro,Boros Aggro,Joel K.,1,fe964e7e-e2c5-4263-889d-0a531eb51442,2026-02-28T23:00:00Z
Aggro,Boros Aggro,Joel K.,1,1e3e8085-cfcd-4e88-b441-4d1f8ac63904,2026-02-28T23:00:00Z
Aggro,Boros Aggro,Joel K.,1,f632be90-9e7f-41f8-a52e-a2952354d730,2026-02-28T23:00:00Z
Aggro,Boros Aggro,Joel K.,1,9d3a7998-ccac-45ad-a4e9-3a2cb057f63b,2026-02-28T23:00:00Z
Aggro,Boros Aggro,Joel K.,1,55707746-da6e-46e5-a5ca-7ac843fdc38e,2026-02-28T23:00:00Z
Aggro,Boros Aggro,Joel K.,1,dd16222e-349c-4a2b-a7c8-8eb35a8ab332,2026-02-28T23:00:00Z
Aggro,Boros Aggro,Joel K.,1,76c3cad2-1e25-4abe-878d-9194de6fcc27,2026-02-28T23:00:00Z
Aggro,Boros Aggro,Joel K.,1,eca8d6f8-c6f1-437c-99e2-4281eae14a6f,2026-02-28T23:00:00Z
Aggro,Boros Aggro,Joel K.,1,b83cfbaa-7890-4f6f-878b-4edb45677371,2026-02-28T23:00:00Z
Aggro,Boros Aggro,Joel K.,1,345a4aee-5846-4ae9-9af1-4c8fe8d692ec,2026-02-28T23:00:00Z
Aggro,Boros Aggro,Joel K.,1,5b8ba842-c662-4686-bca3-93ddb7fa11a6,2026-02-28T23:00:00Z
Aggro,Boros Aggro,Joel K.,1,0d60eabe-b281-4eba-9c26-287364ed2067,2026-02-28T23:00:00Z
Aggro,Boros Aggro,Joel K.,1,1af92296-455a-425e-9397-a96d09937767,2026-02-28T23:00:00Z
Aggro,Boros Aggro,Joel K.,1,fa7a55aa-ae61-4933-b7a4-dcc55dac6fcd,2026-02-28T23:00:00Z
Combo,Storm,Kas,1,5cb76266-ae50-4bbc-8f96-d98f309b02d3,2026-02-28T23:00:00Z
Combo,Storm,Kas,1,a2c56479-4bee-4edb-80d7-4af010b7c793,2026-02-28T23:00:00Z
Combo,Storm,Kas,1,bd3d4b4b-cf31-4f89-8140-9650edb03c7b,2026-02-28T23:00:00Z
Combo,Storm,Kas,1,522aa72b-2b8c-484c-872b-f082101cee35,2026-02-28T23:00:00Z
Combo,Storm,Kas,1,69c1b656-1d67-499c-bf0f-417682a86c7d,2026-02-28T23:00:00Z
Combo,Storm,Kas,1,8db735ea-f9cf-4e3c-9200-4f180df55baa,2026-02-28T23:00:00Z
Combo,Storm,Kas,1,0e51d796-7279-4c06-87f0-37adbdaa41df,2026-02-28T23:00:00Z
Combo,Storm,Kas,1,efda91fa-03b2-4fb4-ae07-b45f6c6d3eab,2026-02-28T23:00:00Z
Combo,Storm,Kas,1,ebc01ab4-d89a-4d25-bf54-6aed33772f4b,2026-02-28T23:00:00Z
Combo,Storm,Kas,1,ce648aa3-098b-4af0-a433-fd290bc85904,2026-02-28T23:00:00Z
Combo,Storm,Kas,1,907b3d1d-8c85-4707-80b5-c4d832df9846,2026-02-28T23:00:00Z
Combo,Storm,Kas,1,4216656e-90e8-45fc-a0f6-0d0d79d0a021,2026-02-28T23:00:00Z
Combo,Storm,Kas,1,3a2d7cf9-dddb-4de3-b4f2-c52e3ec8fb4b,2026-02-28T23:00:00Z
Combo,Storm,Kas,1,af7091c9-5f98-4078-a42b-c9e057346d9b,2026-02-28T23:00:00Z
Combo,Storm,Kas,1,cf3eb762-6c3f-4b11-a4f9-968f79370217,2026-02-28T23:00:00Z
Combo,Storm,Kas,1,5ab21006-7f61-49e0-8b6a-0397c5d4c3bd,2026-02-28T23:00:00Z
Combo,Storm,Kas,1,0a786855-6eb4-42c0-a528-4842db46809d,2026-02-28T23:00:00Z
Combo,Storm,Kas,1,5d10b752-d9cb-419d-a5c4-d4ee1acb655e,2026-02-28T23:00:00Z
Combo,Storm,Kas,1,0ad38866-fc5f-4f62-89c1-afc0f50765aa,2026-02-28T23:00:00Z
Combo,Storm,Kas,1,054f2276-2dd5-43da-bb26-c57c560861fe,2026-02-28T23:00:00Z
Combo,Storm,Kas,1,fc310a26-b6a0-4e42-98ab-bdfd7b06cb63,2026-02-28T23:00:00Z
Combo,Storm,Kas,1,0359f212-9564-41a9-870b-d2c57455a695,2026-02-28T23:00:00Z
Combo,Storm,Kas,1,94c6fdd8-21e7-48ae-aa05-a3666b928c1a,2026-02-28T23:00:00Z
Combo,Storm,Kas,1,a211d505-4d40-4914-a9da-220770d6ddbc,2026-02-28T23:00:00Z
Combo,Storm,Kas,1,2a717b98-cdac-416d-bf6c-f6b6638e65d1,2026-02-28T23:00:00Z
Combo,Storm,Kas,1,1453f92e-df2d-4789-aa1b-a5b5c51567d4,2026-02-28T23:00:00Z
Combo,Storm,Kas,1,758f95f8-bcb0-43ae-b474-56ebd855951e,2026-02-28T23:00:00Z
Combo,Storm,Kas,1,073bfdca-d7b8-4f4b-93f3-6e7c44bc0b0a,2026-02-28T23:00:00Z
Combo,Storm,Kas,1,0ce44270-a684-4489-9077-521456e6dfaa,2026-02-28T23:00:00Z
Combo,Storm,Kas,1,45fd6e91-df76-497f-b642-33dc3d5f6a5a,2026-02-28T23:00:00Z
Combo,Storm,Kas,1,327cf118-cc92-4073-85d0-94d2a0a6989a,2026-02-28T23:00:00Z
Combo,Storm,Kas,1,8a720448-017f-4f4a-9501-678245eaed17,2026-02-28T23:00:00Z
Combo,Storm,Kas,1,72c6d541-e2cb-4d6e-acac-90a8f53b7006,2026-02-28T23:00:00Z
Combo,Storm,Kas,1,45026d57-0324-4312-8b86-2e7d4f581ee9,2026-02-28T23:00:00Z
Aggro,Rakdos Aggro,Myri,1,f0192cf7-3391-4720-b9c8-72dec5dde01e,2026-02-28T23:00:00Z
Aggro,Rakdos Aggro,Myri,1,a9738cda-adb1-47fb-9f4c-ecd930228c4d,2026-02-28T23:00:00Z
Aggro,Rakdos Aggro,Myri,1,f9246b68-580f-4f53-883d-7900880e4b0d,2026-02-28T23:00:00Z
Aggro,Rakdos Aggro,Myri,1,01006833-6007-4c16-9ebb-20d31c60a57a,2026-02-28T23:00:00Z
Aggro,Rakdos Aggro,Myri,1,33ab05b5-d6f5-439c-9aed-1a58ceb282ad,2026-02-28T23:00:00Z
Aggro,Rakdos Aggro,Myri,1,c78da035-6b5b-4136-9ab6-f622b64fdc54,2026-02-28T23:00:00Z
Aggro,Rakdos Aggro,Myri,1,f88d81d9-8ded-4c20-8237-2218046595fb,2026-02-28T23:00:00Z
Aggro,Rakdos Aggro,Myri,1,1785cb18-c291-4fd5-b8c7-ace893c32e49,2026-02-28T23:00:00Z
Aggro,Rakdos Aggro,Myri,1,15faa763-b897-4e86-b094-73f3236291a9,2026-02-28T23:00:00Z
Aggro,Rakdos Aggro,Myri,1,73cc6df4-3564-4ace-bf8a-eac3e62d725a,2026-02-28T23:00:00Z
Aggro,Rakdos Aggro,Myri,1,29632951-3c3d-478c-8c5a-9a34f30a5c28,2026-02-28T23:00:00Z
Aggro,Rakdos Aggro,Myri,1,75fdce80-e338-4a50-bdc6-786511feaeef,2026-02-28T23:00:00Z
Aggro,Rakdos Aggro,Myri,1,2dc16614-5cf8-444d-a5ae-cac25018af68,2026-02-28T23:00:00Z
Aggro,Rakdos Aggro,Myri,1,69c68c95-b788-43b1-9f22-1b22c5a00b25,2026-02-28T23:00:00Z
Aggro,Rakdos Aggro,Myri,1,1716b4dd-9045-462b-b053-72de450a8cde,2026-02-28T23:00:00Z
Aggro,Rakdos Aggro,Myri,1,064dfdeb-485f-473e-9fa0-8fdb7638cdc6,2026-02-28T23:00:00Z
Aggro,Rakdos Aggro,Myri,1,54a3ea87-005e-4985-b2a5-21711d0b71c0,2026-02-28T23:00:00Z
Aggro,Rakdos Aggro,Myri,1,4acf970d-d2d7-413d-aba7-587ee53d8d5c,2026-02-28T23:00:00Z
Aggro,Rakdos Aggro,Myri,1,1ee98955-4c47-4d45-9377-608dfa755337,2026-02-28T23:00:00Z
Aggro,Rakdos Aggro,Myri,1,cb94a02f-4660-45b6-8a39-941b710cf8f3,2026-02-28T23:00:00Z
Aggro,Rakdos Aggro,Myri,1,bf220c06-3cce-4bdd-aa58-83940c223e9c,2026-02-28T23:00:00Z
Aggro,Rakdos Aggro,Myri,1,05bdd22c-3e11-4c29-bdfa-d3dfc0e90a9f,2026-02-28T23:00:00Z
Aggro,Rakdos Aggro,Myri,1,aaae15dd-11b6-4421-99e9-365c7fe4a5d6,2026-02-28T23:00:00Z
Aggro,Rakdos Aggro,Myri,1,f6ca59cd-8779-4a84-a54b-e863b79c61f0,2026-02-28T23:00:00Z
Aggro,Rakdos Aggro,Myri,1,b045c28a-39f9-4cd9-8f3a-a626b697f409,2026-02-28T23:00:00Z
Aggro,Rakdos Aggro,Myri,1,b50e1800-a45c-43bd-8886-8a06145d9346,2026-02-28T23:00:00Z
Aggro,Rakdos Aggro,Myri,1,245cdc59-d560-4c10-b721-f51cc312e370,2026-02-28T23:00:00Z
Aggro,Rakdos Aggro,Myri,1,54e0c2cd-fa5f-427d-8e15-6066f002a8e3,2026-02-28T23:00:00Z
Aggro,Rakdos Aggro,Myri,1,e41cf82d-3213-47ce-a015-6e51a8b07e4f,2026-02-28T23:00:00Z
Aggro,Rakdos Aggro,Myri,1,25b0b816-0583-44aa-9dc5-f3ff48993a51,2026-02-28T23:00:00Z
Aggro,Rakdos Aggro,Myri,1,09fd2d9c-1793-4beb-a3fb-7a869f660cd4,2026-02-28T23:00:00Z
Aggro,Rakdos Aggro,Myri,1,819a513c-3be6-4bdc-8ba6-1f7326a8f3ea,2026-02-28T23:00:00Z
Combo,Combo Lands,Noe T.,1,07313dd3-d0dc-40ca-98a3-fa4d39e5bcae,2026-02-28T23:00:00Z
Combo,Combo Lands,Noe T.,1,99ff731b-8399-40c8-b539-ba6ba5783771,2026-02-28T23:00:00Z
Combo,Combo Lands,Noe T.,1,26d40e03-6de4-4373-9fbf-04c1dd79e995,2026-02-28T23:00:00Z
Combo,Combo Lands,Noe T.,1,205df311-a72d-40f1-b2ea-9b30274bc9bd,2026-02-28T23:00:00Z
Combo,Combo Lands,Noe T.,1,15c34f32-49d9-4a0d-83b2-28172f54fdd1,2026-02-28T23:00:00Z
Combo,Combo Lands,Noe T.,1,605c2218-9d12-4ac3-a721-fca590b89847,2026-02-28T23:00:00Z
Combo,Combo Lands,Noe T.,1,8ff57c8b-173e-4a72-a0a0-1ad2d5cc6e5e,2026-02-28T23:00:00Z
Combo,Combo Lands,Noe T.,1,5de097e5-e960-4404-a370-defe93ce892f,2026-02-28T23:00:00Z
Combo,Combo Lands,Noe T.,1,63c59228-c742-4abd-b4d7-9f7880190e95,2026-02-28T23:00:00Z
Combo,Combo Lands,Noe T.,1,0d08f5e4-d2d3-4659-86d4-a983d80e3b2c,2026-02-28T23:00:00Z
Combo,Combo Lands,Noe T.,1,113f48b9-a972-4e2c-af95-05ab078e01f2,2026-02-28T23:00:00Z
Combo,Combo Lands,Noe T.,1,b34bf7fd-9fe3-43e2-8cfe-7ce7cff08afe,2026-02-28T23:00:00Z
Combo,Combo Lands,Noe T.,1,39c431d7-d94b-46c4-bb89-f3db56214ab4,2026-02-28T23:00:00Z
Combo,Combo Lands,Noe T.,1,c17816e8-28b1-4295-a637-efb0e5c18873,2026-02-28T23:00:00Z
Combo,Combo Lands,Noe T.,1,995486ce-58bb-4753-a812-0ca73ef1a235,2026-02-28T23:00:00Z
Combo,Combo Lands,Noe T.,1,2b5315a4-6a78-456f-8d5a-fea9d62f3f0e,2026-02-28T23:00:00Z
Combo,Combo Lands,Noe T.,1,045ce37b-86d2-4e56-84af-b6625b53d13c,2026-02-28T23:00:00Z
Combo,Combo Lands,Noe T.,1,78cef262-c753-4658-b3ec-fec8db47f944,2026-02-28T23:00:00Z
Combo,Combo Lands,Noe T.,1,de0e01e4-e143-47fd-8565-7b48219bb546,2026-02-28T23:00:00Z
Combo,Combo Lands,Noe T.,1,551c0a45-9515-4e51-84e5-79703832a661,2026-02-28T23:00:00Z
Combo,Combo Lands,Noe T.,1,2da5f3f8-5eef-498f-ba2c-2f3fbc3745aa,2026-02-28T23:00:00Z
Combo,Combo Lands,Noe T.,1,64bc9b1d-5818-4d9e-b771-e49af4ff9a5c,2026-02-28T23:00:00Z
Combo,Combo Lands,Noe T.,1,3a9d1082-a862-45d4-9e5e-392e879fead6,2026-02-28T23:00:00Z
Combo,Combo Lands,Noe T.,1,d2e27911-87cb-49a0-a34f-6afe4bddd592,2026-02-28T23:00:00Z
Combo,Combo Lands,Noe T.,1,f3537373-ef54-4578-9d05-6216420ee349,2026-02-28T23:00:00Z
Combo,Combo Lands,Noe T.,1,8870ef0b-cb1f-463b-8509-fece4743d3d4,2026-02-28T23:00:00Z
Combo,Combo Lands,Noe T.,1,329a8738-3e17-403a-857a-0ba529ce8cd1,2026-02-28T23:00:00Z
Combo,Combo Lands,Noe T.,1,00cb17a0-5a13-4d02-b7fb-f99531bc8ca5,2026-02-28T23:00:00Z
Combo,Combo Lands,Noe T.,1,6151b583-3aa7-4be8-9d05-d5e53f19c6c9,2026-02-28T23:00:00Z
Combo,Combo Lands,Noe T.,1,107492bd-b32f-4692-917c-7771986b5bf7,2026-02-28T23:00:00Z
Combo,Combo Lands,Noe T.,1,89f5cc05-5d9d-4709-b3c5-a6249c294acc,2026-02-28T23:00:00Z
Combo,Combo Lands,Noe T.,1,d40b65c1-b24d-492d-81b9-d8474ebdc08c,2026-02-28T23:00:00Z
Aggro-Combo,Greenbased Aggro-Combo,Sili,1,60d0e6a6-629a-45a7-bfcb-25ba7156788b,2026-02-28T23:00:00Z
Aggro-Combo,Greenbased Aggro-Combo,Sili,1,24a5cc2c-0fbf-4a5f-b175-6e0ffd0d0787,2026-02-28T23:00:00Z
Aggro-Combo,Greenbased Aggro-Combo,Sili,1,0eee981e-5d26-4810-90e1-432f3c3107f2,2026-02-28T23:00:00Z
Aggro-Combo,Greenbased Aggro-Combo,Sili,1,01e7b0bc-1c6c-48f4-8b72-1a809f536c6c,2026-02-28T23:00:00Z
Aggro-Combo,Greenbased Aggro-Combo,Sili,1,d0e3e7b3-7ba9-47a2-b46c-a40bffb445e2,2026-02-28T23:00:00Z
Aggro-Combo,Greenbased Aggro-Combo,Sili,1,ee8e9928-d9b2-4570-adb8-44b34115decd,2026-02-28T23:00:00Z
Aggro-Combo,Greenbased Aggro-Combo,Sili,1,01c6f877-6b00-4d57-8a88-36cd3b16edbc,2026-02-28T23:00:00Z
Aggro-Combo,Greenbased Aggro-Combo,Sili,1,16c8d2fa-54a7-46e8-980c-905258497c90,2026-02-28T23:00:00Z
Aggro-Combo,Greenbased Aggro-Combo,Sili,1,1fc6d14a-1328-4032-ad9e-cd85cd365bd3,2026-02-28T23:00:00Z
Aggro-Combo,Greenbased Aggro-Combo,Sili,1,f1b8413f-c9fc-4cea-b416-a1fcf651b009,2026-02-28T23:00:00Z
Aggro-Combo,Greenbased Aggro-Combo,Sili,1,0e9aeaa8-9a75-4719-992f-cbb316f72175,2026-02-28T23:00:00Z
Aggro-Combo,Greenbased Aggro-Combo,Sili,1,8683a978-1bef-4b01-9361-56b1fc157d26,2026-02-28T23:00:00Z
Aggro-Combo,Greenbased Aggro-Combo,Sili,1,71384418-173a-4f77-adab-56e52fa23692,2026-02-28T23:00:00Z
Aggro-Combo,Greenbased Aggro-Combo,Sili,1,2b9b0195-beda-403e-bc27-7ae3be9f318c,2026-02-28T23:00:00Z
Aggro-Combo,Greenbased Aggro-Combo,Sili,1,209c591a-4ab2-4e89-9523-a7b766cf4e51,2026-02-28T23:00:00Z
Aggro-Combo,Greenbased Aggro-Combo,Sili,1,41e108a5-4e2f-42cf-9ea1-87bf3c0a2b7f,2026-02-28T23:00:00Z
Aggro-Combo,Greenbased Aggro-Combo,Sili,1,a178cfe8-f9fa-4255-88d0-54a0bed079f5,2026-02-28T23:00:00Z
Aggro-Combo,Greenbased Aggro-Combo,Sili,1,224d904a-5972-4152-878a-9a922e7a55b6,2026-02-28T23:00:00Z
Aggro-Combo,Greenbased Aggro-Combo,Sili,1,d9482aab-6ddf-48e1-84fa-b13d5ff81e69,2026-02-28T23:00:00Z
Aggro-Combo,Greenbased Aggro-Combo,Sili,1,1f9fb33a-3b39-4aff-93b8-aedafe0ea694,2026-02-28T23:00:00Z
Aggro-Combo,Greenbased Aggro-Combo,Sili,1,44afd414-cc69-4888-ba12-7ea87e60b1f7,2026-02-28T23:00:00Z
Aggro-Combo,Greenbased Aggro-Combo,Sili,1,0845f0b0-9413-4ddd-861d-9607636bebc6,2026-02-28T23:00:00Z
Aggro-Combo,Greenbased Aggro-Combo,Sili,1,19adde22-e5eb-4815-beb6-c520b3274cc9,2026-02-28T23:00:00Z
Aggro-Combo,Greenbased Aggro-Combo,Sili,1,a50d79fe-6d37-42f3-b7b0-0c3018282fa2,2026-02-28T23:00:00Z
Aggro-Combo,Greenbased Aggro-Combo,Sili,1,2c723fc9-d5c9-4126-a9a6-f80c247a4b6b,2026-02-28T23:00:00Z
Aggro-Combo,Greenbased Aggro-Combo,Sili,1,4a1f905f-1d55-4d02-9d24-e58070793d3f,2026-02-28T23:00:00Z
Aggro-Combo,Greenbased Aggro-Combo,Sili,1,340c5799-4964-44dd-8c48-8f3f3aba5211,2026-02-28T23:00:00Z
Aggro-Combo,Greenbased Aggro-Combo,Sili,1,487116ab-b885-406b-aa54-56cb67eb3ca5,2026-02-28T23:00:00Z
Aggro-Combo,Greenbased Aggro-Combo,Sili,1,fadb218d-29e2-42d1-a7a1-1066741d63ad,2026-02-28T23:00:00Z
Combo,Artifacts,Thomas R.,1,ed0216a0-c5c9-4a99-b869-53e4d0256326,2026-02-28T23:00:00Z
Combo,Artifacts,Thomas R.,1,1a6f256b-943e-4cfb-9fc9-d1ded68b5f97,2026-02-28T23:00:00Z
Combo,Artifacts,Thomas R.,1,a1febcf1-afa4-4406-9ac1-5bf98b2765d2,2026-02-28T23:00:00Z
Combo,Artifacts,Thomas R.,1,d6ec3293-b09e-4931-ac4e-dc5eac0ca004,2026-02-28T23:00:00Z
Combo,Artifacts,Thomas R.,1,1e2fee55-227b-4373-a3f7-b463f220033f,2026-02-28T23:00:00Z
Combo,Artifacts,Thomas R.,1,7ea4b5bc-18a4-45db-a56a-ab3f8bd2fb0d,2026-02-28T23:00:00Z
Combo,Artifacts,Thomas R.,1,9814d8e8-c462-41ca-9909-1c659f488543,2026-02-28T23:00:00Z
Combo,Artifacts,Thomas R.,1,4df8aabc-7fcb-4b7b-980b-18f499e6c170,2026-02-28T23:00:00Z
Combo,Artifacts,Thomas R.,1,0c0e7131-db26-448d-afda-f48337a026f0,2026-02-28T23:00:00Z
Combo,Artifacts,Thomas R.,1,4a0bb5dc-75a6-4bd6-81f8-611197fb0fba,2026-02-28T23:00:00Z
Combo,Artifacts,Thomas R.,1,c1e0f201-42cb-46a1-901a-65bb4fc18f6c,2026-02-28T23:00:00Z
Combo,Artifacts,Thomas R.,1,98e7bf8f-dba7-4005-8cee-634c9153931d,2026-02-28T23:00:00Z
Combo,Artifacts,Thomas R.,1,b7f16fdf-a3f5-462d-a64a-789d893b6ef5,2026-02-28T23:00:00Z
Combo,Artifacts,Thomas R.,1,0c3bc412-689f-4385-807b-ed60d6276d76,2026-02-28T23:00:00Z
Combo,Artifacts,Thomas R.,1,e5145f31-a4ac-44ef-8f85-e4d95f2c9ff5,2026-02-28T23:00:00Z
Combo,Artifacts,Thomas R.,1,37dbe1a3-3c44-452b-9fb9-37f5d793d0b5,2026-02-28T23:00:00Z
Combo,Artifacts,Thomas R.,1,41ff849e-2439-4690-8aa4-769039b6da4c,2026-02-28T23:00:00Z
Combo,Artifacts,Thomas R.,1,fd99bce1-ce39-464b-8e61-2631eb3ed6f6,2026-02-28T23:00:00Z
Combo,Artifacts,Thomas R.,1,120be808-ff3b-4fca-96a1-4db6b9825856,2026-02-28T23:00:00Z
Combo,Artifacts,Thomas R.,1,991037a2-fea2-49f5-8ace-ebbf9f678cff,2026-02-28T23:00:00Z
Combo,Artifacts,Thomas R.,1,939c6e19-4b27-4023-bb9c-ae440f91e21c,2026-02-28T23:00:00Z
Combo,Artifacts,Thomas R.,1,33672990-4860-4aa6-ac1b-f9da66f5da59,2026-02-28T23:00:00Z
Combo,Artifacts,Thomas R.,1,aac0c8df-f01d-4178-8d66-ee603f814d24,2026-02-28T23:00:00Z
Combo,Artifacts,Thomas R.,1,89af0f45-c11c-4f13-9950-b1489440ee5b,2026-02-28T23:00:00Z
Combo,Artifacts,Thomas R.,1,05e8a4ea-8c0d-4284-ac23-80e19fdde11d,2026-02-28T23:00:00Z
Combo,Artifacts,Thomas R.,1,486d7edc-d983-41f0-8b78-c99aecd72996,2026-02-28T23:00:00Z
Combo,Artifacts,Thomas R.,1,5da578b8-19e6-4068-9336-e7cd33c585f1,2026-02-28T23:00:00Z
Combo,Artifacts,Thomas R.,1,54f449ff-4025-465e-9ec5-a5cf42c4c9d3,2026-02-28T23:00:00Z
Combo,Artifacts,Thomas R.,1,5f608efc-0dbc-4cc3-aadd-ed473bfc29ab,2026-02-28T23:00:00Z
Combo,Artifacts,Thomas R.,1,97b9bab9-12ee-4da5-9d53-d0b82d9279cd,2026-02-28T23:00:00Z
Combo,Artifacts,Thomas R.,1,4b0bd07e-cf80-4d64-af29-f4cec6632b3e,2026-02-28T23:00:00Z
Combo-Control,Sneak and Flash,Tinu,1,95c14c4d-6c16-4826-8d93-d89ad04aee09,2026-02-28T23:00:00Z
Combo-Control,Sneak and Flash,Tinu,1,4b4956a2-9a39-4152-9c98-70e4b2acfa26,2026-02-28T23:00:00Z
Combo-Control,Sneak and Flash,Tinu,1,568dd5a6-86f4-4039-87d7-812120c8ab94,2026-02-28T23:00:00Z
Combo-Control,Sneak and Flash,Tinu,1,416d2d51-8f29-4e95-b037-e8c32b081e6c,2026-02-28T23:00:00Z
Combo-Control,Sneak and Flash,Tinu,1,74d29b3d-f588-431d-bf4e-f7215683ab39,2026-02-28T23:00:00Z
Combo-Control,Sneak and Flash,Tinu,1,10158a5e-5a03-41ab-85d2-0907ccf32c9b,2026-02-28T23:00:00Z
Combo-Control,Sneak and Flash,Tinu,1,0027e5ca-8046-40a0-bd73-79be55f28bff,2026-02-28T23:00:00Z
Combo-Control,Sneak and Flash,Tinu,1,02d6d693-f1f3-4317-bcc0-c21fa8490d38,2026-02-28T23:00:00Z
Combo-Control,Sneak and Flash,Tinu,1,187b6719-e5ed-4615-a00b-3313ceca055b,2026-02-28T23:00:00Z
Combo-Control,Sneak and Flash,Tinu,1,ff590af2-2d6c-4f16-a9b8-1a6dab6e9ad5,2026-02-28T23:00:00Z
Combo-Control,Sneak and Flash,Tinu,1,20c4aae1-7665-4df7-bd51-a1d95bf8a17d,2026-02-28T23:00:00Z
Combo-Control,Sneak and Flash,Tinu,1,5a10b543-d5d4-42a8-9ee8-dada59a2ad7e,2026-02-28T23:00:00Z
Combo-Control,Sneak and Flash,Tinu,1,4acaef84-55d1-43dc-b10a-696182e6709b,2026-02-28T23:00:00Z
Combo-Control,Sneak and Flash,Tinu,1,8c2996d9-3287-4480-8c04-7a378e37e3cf,2026-02-28T23:00:00Z
Combo-Control,Sneak and Flash,Tinu,1,aced2c55-7543-4076-bcdd-36c4d649b8ae,2026-02-28T23:00:00Z
Combo-Control,Sneak and Flash,Tinu,1,207d5f12-fbc6-4c75-9d84-fd2f0023fbd0,2026-02-28T23:00:00Z
Combo-Control,Sneak and Flash,Tinu,1,69490262-afc2-4692-8fac-b771a972c8f8,2026-02-28T23:00:00Z
Combo-Control,Sneak and Flash,Tinu,1,0783b426-a527-42c1-9271-be28b229e1c6,2026-02-28T23:00:00Z
Combo-Control,Sneak and Flash,Tinu,1,3ca1e1de-b916-445f-b3b2-0f4d0cc7ceeb,2026-02-28T23:00:00Z
Combo-Control,Sneak and Flash,Tinu,1,9e7fb3c0-5159-4d1f-8490-ce4c9a60f567,2026-02-28T23:00:00Z
Combo-Control,Sneak and Flash,Tinu,1,63af3c26-5b1f-46f6-9aa2-036c615bf5ea,2026-02-28T23:00:00Z
Combo-Control,Sneak and Flash,Tinu,1,f1a21287-e244-4960-84fb-c4f6e5c346d9,2026-02-28T23:00:00Z
Combo-Control,Sneak and Flash,Tinu,1,005dae9a-dddc-4a11-95bb-cce319edcce4,2026-02-28T23:00:00Z
Combo-Control,Sneak and Flash,Tinu,1,985bdb0c-ce6c-4506-8163-76f3b2fdf5fb,2026-02-28T23:00:00Z
Combo-Control,Sneak and Flash,Tinu,1,c2089ec9-0665-448f-bfe9-d181de127814,2026-02-28T23:00:00Z
Combo-Control,Sneak and Flash,Tinu,1,866b7fd4-86e3-4b42-b1ea-33bad0db1f9f,2026-02-28T23:00:00Z
Combo-Control,Sneak and Flash,Tinu,1,17260fff-b239-4af4-9306-3236ae3fa5a5,2026-02-28T23:00:00Z
Control,Dimir Control,Valentin,1,729daf0e-b822-41bd-a908-ca8ec34032f0,2026-02-28T23:00:00Z
Control,Dimir Control,Valentin,1,f62fd592-4910-417d-a500-e7029f3d119f,2026-02-28T23:00:00Z
Control,Dimir Control,Valentin,1,d67be074-cdd4-41d9-ac89-0a0456c4e4b2,2026-02-28T23:00:00Z
Control,Dimir Control,Valentin,1,ca4c8b04-66af-4cb3-8003-9088d8344b20,2026-02-28T23:00:00Z
Control,Dimir Control,Valentin,1,059e8447-6b1c-4651-a734-a8fea2cbf7b2,2026-02-28T23:00:00Z
Control,Dimir Control,Valentin,1,b0c5728e-43e7-417a-ba18-5038345cec67,2026-02-28T23:00:00Z
Control,Dimir Control,Valentin,1,56995b84-2307-4955-9c7c-dc4f04acdc07,2026-02-28T23:00:00Z
Control,Dimir Control,Valentin,1,52d3005f-a1c7-4ef5-911f-ccc0752f4181,2026-02-28T23:00:00Z
Control,Dimir Control,Valentin,1,8c39f9b4-02b9-4d44-b8d6-4fd02ebbb0c5,2026-02-28T23:00:00Z
Control,Dimir Control,Valentin,1,7f7e780e-fbc5-4dc0-b5c7-efcb8645c7c6,2026-02-28T23:00:00Z
Control,Dimir Control,Valentin,1,1ac01fff-4de6-4783-9489-4127e25bc641,2026-02-28T23:00:00Z
Control,Dimir Control,Valentin,1,68924203-c3d9-41ce-8ca8-c6dd491eb3ca,2026-02-28T23:00:00Z
Control,Dimir Control,Valentin,1,ff84ea71-e477-44f7-a3f8-77fef708efeb,2026-02-28T23:00:00Z
Control,Dimir Control,Valentin,1,a1176dcf-40ee-4342-aa74-791b8352e99a,2026-02-28T23:00:00Z
Control,Dimir Control,Valentin,1,441f8b2f-c8cb-4340-a92f-116c2276e906,2026-02-28T23:00:00Z
Control,Dimir Control,Valentin,1,396bca07-82ba-49b7-b79e-7784b3a06d48,2026-02-28T23:00:00Z
Control,Dimir Control,Valentin,1,8ca3c48b-f104-4292-9a4e-2ce87a65893c,2026-02-28T23:00:00Z
Control,Dimir Control,Valentin,1,612b2e6e-fe8d-49ad-b845-6fa7fa59ffd1,2026-02-28T23:00:00Z
Control,Dimir Control,Valentin,1,5f6927e1-c580-483a-8e2a-6e2deb74800e,2026-02-28T23:00:00Z
Control,Dimir Control,Valentin,1,18f23daa-bc59-456a-8a28-3823e51bc74b,2026-02-28T23:00:00Z
Control,Dimir Control,Valentin,1,31276460-fa9d-47da-85c5-c4baa8074d0d,2026-02-28T23:00:00Z
Control,Dimir Control,Valentin,1,026e7167-d665-43d0-a51e-8df2d68cdb5e,2026-02-28T23:00:00Z
Control,Dimir Control,Valentin,1,e4e6794a-feeb-4fc8-a2ee-38c75c18aaae,2026-02-28T23:00:00Z
Control,Dimir Control,Valentin,1,493a5ca7-5f90-4af4-b6db-43ae09a2f2c9,2026-02-28T23:00:00Z
Control,Dimir Control,Valentin,1,2aef4608-5ba8-4636-b5e7-cac57c5c0608,2026-02-28T23:00:00Z
Control,Dimir Control,Valentin,1,2616aa0e-8413-4e63-877c-bffd5263f552,2026-02-28T23:00:00Z
Control,Dimir Control,Valentin,1,0f7585c8-9e21-4eef-afc1-2852de23db2f,2026-02-28T23:00:00Z
Control,Dimir Control,Valentin,1,2424f2c4-366b-42cf-bf4b-a8a5bfdd2c4b,2026-02-28T23:00:00Z
